MANUEL MARCOS,Partido/UF: PRB/AC - Gabinete: 572 - Anexo III - Fone: 3215-5572 - Fax: 3215-2572
DRA. VANDA MILANI,Partido/UF: SOLIDARIEDADE/AC - Gabinete: 516 - Anexo IV - Fone: 3215-5516 - Fax: 3215-2516
JESUS SÉRGIO,Partido/UF: PDT/AC - Gabinete: 941 - Anexo IV - Fone: 3215-5941 - Fax: 3215-2941
JÉSSICA SALES,Partido/UF: MDB/AC - Gabinete: 952 - Anexo IV - Fone: 3215-5952 - Fax: 3215-2952
MARA ROCHA,Partido/UF: PSDB/AC - Gabinete: 607 - Anexo IV - Fone: 3215-5607 - Fax: 3215-2607
ALAN RICK,Partido/UF: DEM/AC - Gabinete: 650 - Anexo IV - Fone: 3215-5650 - Fax: 3215-2650
PERPÉTUA ALMEIDA,Partido/UF: PCdoB/AC - Gabinete: 310 - Anexo IV - Fone: 3215-5310 - Fax: 3215-2310
FLAVIANO MELO,Partido/UF: MDB/AC - Gabinete: 224 - Anexo IV - Fone: 3215-5224 - Fax: 3215-2224
TEREZA NELMA,Partido/UF: PSDB/AL - Gabinete: 322 - Anexo IV - Fone: 3215-5322 - Fax: 3215-2322
ISNALDO BULHÕES JR.,Partido/UF: MDB/AL - Gabinete: 460 - Anexo IV - Fone: 3215-5460 - Fax: 3215-2460
NIVALDO ALBUQUERQUE,Partido/UF: PTB/AL - Gabinete: 425 - Anexo IV - Fone: 3215-5425 - Fax: 3215-2425
JHC,Partido/UF: PSB/AL - Gabinete: 958 - Anexo IV - Fone: 3215-5958 - Fax: 3215-2958
ARTHUR LIRA,Partido/UF: PP/AL - Gabinete: 942 - Anexo IV - Fone: 3215-5942 - Fax: 3215-2942
PAULÃO,Partido/UF: PT/AL - Gabinete: 366 - Anexo III - Fone: 3215-5366 - Fax: 3215-2366
SERGIO TOLEDO,Partido/UF: PR/AL - Gabinete: 539 - Anexo IV - Fone: 3215-5539 - Fax: 3215-2539
MARX BELTRÃO,Partido/UF: PSD/AL - Gabinete: 722 - Anexo IV - Fone: 3215-5722 - Fax: 3215-2722
SEVERINO PESSOA,Partido/UF: PRB/AL - Gabinete: 467 - Anexo III - Fone: 3215-5467 - Fax: 3215-2467
ÁTILA LINS,Partido/UF: PP/AM - Gabinete: 730 - Anexo IV - Fone: 3215-5730 - Fax: 3215-2730
MARCELO RAMOS,Partido/UF: PR/AM - Gabinete: 805 - Anexo IV - Fone: 3215-5805 - Fax: 3215-2805
SIDNEY LEITE,Partido/UF: PSD/AM - Gabinete: 266 - Anexo III - Fone: 3215-5266 - Fax: 3215-2266
SILAS CÂMARA,Partido/UF: PRB/AM - Gabinete: 532 - Anexo IV - Fone: 3215-5532 - Fax: 3215-2532
DELEGADO PABLO,Partido/UF: PSL/AM - Gabinete: 373 - Anexo III - Fone: 3215-5373 - Fax: 3215-2373
CAPITÃO ALBERTO NETO,Partido/UF: PRB/AM - Gabinete: 933 - Anexo IV - Fone: 3215-5933 - Fax: 3215-2933
JOSÉ RICARDO,Partido/UF: PT/AM - Gabinete: 411 - Anexo IV - Fone: 3215-5411 - Fax: 3215-2411
BOSCO SARAIVA,Partido/UF: SOLIDARIEDADE/AM - Gabinete: 404 - Anexo IV - Fone: 3215-5404 - Fax: 3215-2404
LEDA SADALA,Partido/UF: AVANTE/AP - Gabinete: 611 - Anexo IV - Fone: 3215-5611 - Fax: 3215-2611
CAMILO CAPIBERIBE,Partido/UF: PSB/AP - Gabinete: 209 - Anexo IV - Fone: 3215-5209 - Fax: 3215-2209
PROFESSORA MARCIVANIA,Partido/UF: PCdoB/AP - Gabinete: 338 - Anexo IV - Fone: 3215-5338 - Fax: 3215-2338
ALINE GURGEL,Partido/UF: PRB/AP - Gabinete: 342 - Anexo IV - Fone: 3215-5342 - Fax: 3215-2342
ACÁCIO FAVACHO,Partido/UF: PROS/AP - Gabinete: 284 - Anexo III - Fone: 3215-5284 - Fax: 3215-2284
LUIZ CARLOS,Partido/UF: PSDB/AP - Gabinete: 512 - Anexo IV - Fone: 3215-5512 - Fax: 3215-2512
ANDRÉ ABDON,Partido/UF: PP/AP - Gabinete: 831 - Anexo IV - Fone: 3215-5831 - Fax: 3215-2831
VINICIUS GURGEL,Partido/UF: PR/AP - Gabinete: 852 - Anexo IV - Fone: 3215-5852 - Fax: 3215-2852
ARTHUR OLIVEIRA MAIA,Partido/UF: DEM/BA - Gabinete: 830 - Anexo IV - Fone: 3215-5830 - Fax: 3215-2830
NELSON PELLEGRINO,Partido/UF: PT/BA - Gabinete: 826 - Anexo IV - Fone: 3215-5826 - Fax: 3215-2826
PASTOR SARGENTO ISIDÓRIO,Partido/UF: AVANTE/BA - Gabinete: 817 - Anexo IV - Fone: 3215-5817 - Fax: 3215-2817
VALMIR ASSUNÇÃO,Partido/UF: PT/BA - Gabinete: 739 - Anexo IV - Fone: 3215-5739 - Fax: 3215-2739
JOSÉ NUNES,Partido/UF: PSD/BA - Gabinete: 728 - Anexo IV - Fone: 3215-5728 - Fax: 3215-2728
ULDURICO JUNIOR,Partido/UF: PPL/BA - Gabinete: 729 - Anexo IV - Fone: 3215-5729 - Fax: 3215-2729
JORGE SOLLA,Partido/UF: PT/BA - Gabinete: 571 - Anexo III - Fone: 3215-5571 - Fax: 3215-2571
ZÉ NETO,Partido/UF: PT/BA - Gabinete: 585 - Anexo III - Fone: 3215-5585 - Fax: 3215-2585
ANTONIO BRITO,Partido/UF: PSD/BA - Gabinete: 479 - Anexo III - Fone: 3215-5479 - Fax: 3215-2479
CHARLES FERNANDES,Partido/UF: PSD/BA - Gabinete: 587 - Anexo III - Fone: 3215-5587 - Fax: 3215-2587
MARCELO NILO,Partido/UF: PSB/BA - Gabinete: 520 - Anexo IV - Fone: 3215-5520 - Fax: 3215-2520
JOÃO ROMA,Partido/UF: PRB/BA - Gabinete: 276 - Anexo III - Fone: 3215-5276 - Fax: 3215-2276
ALEX SANTANA,Partido/UF: PDT/BA - Gabinete: 541 - Anexo IV - Fone: 3215-5541 - Fax: 3215-2541
ABÍLIO SANTANA,Partido/UF: PHS/BA - Gabinete: 531 - Anexo IV - Fone: 3215-5531 - Fax: 3215-2531
BACELAR,Partido/UF: PODE/BA - Gabinete: 381 - Anexo III - Fone: 3215-5381 - Fax: 3215-2381
JOSÉ ROCHA,Partido/UF: PR/BA - Gabinete: 908 - Anexo IV - Fone: 3215-5908 - Fax: 3215-2908
ADOLFO VIANA,Partido/UF: PSDB/BA - Gabinete: 911 - Anexo IV - Fone: 3215-5911 - Fax: 3215-2911
FÉLIX MENDONÇA JÚNIOR,Partido/UF: PDT/BA - Gabinete: 912 - Anexo IV - Fone: 3215-5912 - Fax: 3215-2912
LÍDICE DA MATA,Partido/UF: PSB/BA - Gabinete: 913 - Anexo IV - Fone: 3215-5913 - Fax: 3215-2913
JOÃO CARLOS BACELAR,Partido/UF: PR/BA - Gabinete: 928 - Anexo IV - Fone: 3215-5928 - Fax: 3215-2928
ELMAR NASCIMENTO,Partido/UF: DEM/BA - Gabinete: 935 - Anexo IV - Fone: 3215-5935 - Fax: 3215-2935
WALDENOR PEREIRA,Partido/UF: PT/BA - Gabinete: 954 - Anexo IV - Fone: 3215-5954 - Fax: 3215-2954
TITO,Partido/UF: AVANTE/BA - Gabinete: 352 - Anexo IV - Fone: 3215-5352 - Fax: 3215-2352
PROFESSORA DAYANE PIMENTEL,Partido/UF: PSL/BA - Gabinete: 348 - Anexo IV - Fone: 3215-5348 - Fax: 3215-2348
IGOR KANNÁRIO,Partido/UF: PHS/BA - Gabinete: 337 - Anexo IV - Fone: 3215-5337 - Fax: 3215-2337
RAIMUNDO COSTA,Partido/UF: PRP/BA - Gabinete: 226 - Anexo IV - Fone: 3215-5226 - Fax: 3215-2226
RONALDO CARLETTO,Partido/UF: PP/BA - Gabinete: 262 - Anexo IV - Fone: 3215-5262 - Fax: 3215-2262
OTTO ALENCAR FILHO,Partido/UF: PSD/BA - Gabinete: 444 - Anexo IV - Fone: 3215-5444 - Fax: 3215-2444
LEUR LOMANTO JÚNIOR,Partido/UF: DEM/BA - Gabinete: 406 - Anexo IV - Fone: 3215-5406 - Fax: 3215-2406
ALICE PORTUGAL,Partido/UF: PCdoB/BA - Gabinete: 420 - Anexo IV - Fone: 3215-5420 - Fax: 3215-2420
PAULO AZI,Partido/UF: DEM/BA - Gabinete: 422 - Anexo IV - Fone: 3215-5422 - Fax: 3215-2422
MÁRIO NEGROMONTE JR.,Partido/UF: PP/BA - Gabinete: 424 - Anexo IV - Fone: 3215-5424 - Fax: 3215-2424
MÁRCIO MARINHO,Partido/UF: PRB/BA - Gabinete: 326 - Anexo IV - Fone: 3215-5326 - Fax: 3215-2326
DANIEL ALMEIDA,Partido/UF: PCdoB/BA - Gabinete: 317 - Anexo IV - Fone: 3215-5317 - Fax: 3215-2317
CACÁ LEÃO,Partido/UF: PP/BA - Gabinete: 320 - Anexo IV - Fone: 3215-5320 - Fax: 3215-2320
AFONSO FLORENCE,Partido/UF: PT/BA - Gabinete: 305 - Anexo IV - Fone: 3215-5305 - Fax: 3215-2305
SÉRGIO BRITO,Partido/UF: PSD/BA - Gabinete: 638 - Anexo IV - Fone: 3215-5638 - Fax: 3215-2638
JOSIAS GOMES,Partido/UF: PT/BA - Gabinete: 642 - Anexo IV - Fone: 3215-5642 - Fax: 3215-2642
CLAUDIO CAJADO,Partido/UF: PP/BA - Gabinete: 630 - Anexo IV - Fone: 3215-5630 - Fax: 3215-2630
DENIS BEZERRA,Partido/UF: PSB/CE - Gabinete: 625 - Anexo IV - Fone: 3215-5625 - Fax: 3215-2625
EDUARDO BISMARCK,Partido/UF: PDT/CE - Gabinete: 652 - Anexo IV - Fone: 3215-5652 - Fax: 3215-2652
JOSÉ GUIMARÃES,Partido/UF: PT/CE - Gabinete: 306 - Anexo IV - Fone: 3215-5306 - Fax: 3215-2306
PEDRO AUGUSTO BEZERRA,Partido/UF: PTB/CE - Gabinete: 413 - Anexo IV - Fone: 3215-5413 - Fax: 3215-2413
ROBERTO PESSOA,Partido/UF: PSDB/CE - Gabinete: 219 - Anexo IV - Fone: 3215-5219 - Fax: 3215-2219
GENECIAS NORONHA,Partido/UF: SOLIDARIEDADE/CE - Gabinete: 244 - Anexo IV - Fone: 3215-5244 - Fax: 3215-2244
JOSÉ AIRTON FÉLIX CIRILO,Partido/UF: PT/CE - Gabinete: 319 - Anexo IV - Fone: 3215-5319 - Fax: 3215-2319
LEÔNIDAS CRISTINO,Partido/UF: PDT/CE - Gabinete: 948 - Anexo IV - Fone: 3215-5948 - Fax: 3215-2948
ANDRÉ FIGUEIREDO,Partido/UF: PDT/CE - Gabinete: 940 - Anexo IV - Fone: 3215-5940 - Fax: 3215-2940
HEITOR FREIRE,Partido/UF: PSL/CE - Gabinete: 367 - Anexo III - Fone: 3215-5367 - Fax: 3215-2367
VAIDON OLIVEIRA,Partido/UF: PROS/CE - Gabinete: 545 - Anexo IV - Fone: 3215-5545 - Fax: 3215-2545
DOMINGOS NETO,Partido/UF: PSD/CE - Gabinete: 546 - Anexo IV - Fone: 3215-5546 - Fax: 3215-2546
CÉLIO STUDART,Partido/UF: PV/CE - Gabinete: 519 - Anexo IV - Fone: 3215-5519 - Fax: 3215-2519
IDILVAN ALENCAR,Partido/UF: PDT/CE - Gabinete: 737 - Anexo IV - Fone: 3215-5737 - Fax: 3215-2737
MAURO BENEVIDES FILHO,Partido/UF: PDT/CE - Gabinete: 731 - Anexo IV - Fone: 3215-5731 - Fax: 3215-2731
ROBÉRIO MONTEIRO,Partido/UF: PDT/CE - Gabinete: 733 - Anexo IV - Fone: 3215-5733 - Fax: 3215-2733
MOSES RODRIGUES,Partido/UF: MDB/CE - Gabinete: 809 - Anexo IV - Fone: 3215-5809 - Fax: 3215-2809
JÚNIOR MANO,Partido/UF: PATRI/CE - Gabinete: 807 - Anexo IV - Fone: 3215-5807 - Fax: 3215-2807
DR. JAZIEL,Partido/UF: PR/CE - Gabinete: 705 - Anexo IV - Fone: 3215-5705 - Fax: 3215-2705
AJ ALBUQUERQUE,Partido/UF: PP/CE - Gabinete: 708 - Anexo IV - Fone: 3215-5708 - Fax: 3215-2708
CAPITÃO WAGNER,Partido/UF: PROS/CE - Gabinete: 711 - Anexo IV - Fone: 3215-5711 - Fax: 3215-2711
LUIZIANNE LINS,Partido/UF: PT/CE - Gabinete: 713 - Anexo IV - Fone: 3215-5713 - Fax: 3215-2713
PROFESSOR ISRAEL BATISTA,Partido/UF: PV/DF - Gabinete: 854 - Anexo IV - Fone: 3215-5854 - Fax: 3215-2854
JULIO CESAR RIBEIRO,Partido/UF: PRB/DF - Gabinete: 471 - Anexo III - Fone: 3215-5471 - Fax: 3215-2471
ERIKA KOKAY,Partido/UF: PT/DF - Gabinete: 203 - Anexo IV - Fone: 3215-5203 - Fax: 3215-2203
LUIS MIRANDA,Partido/UF: DEM/DF - Gabinete: 241 - Anexo IV - Fone: 3215-5241 - Fax: 3215-2241
CELINA LEÃO,Partido/UF: PP/DF - Gabinete: 260 - Anexo IV - Fone: 3215-5260 - Fax: 3215-2260
PAULA BELMONTE,Partido/UF: PPS/DF - Gabinete: 440 - Anexo IV - Fone: 3215-5440 - Fax: 3215-2440
BIA KICIS,Partido/UF: PSL/DF - Gabinete: 309 - Anexo IV - Fone: 3215-5309 - Fax: 3215-2309
FLÁVIA ARRUDA,Partido/UF: PR/DF - Gabinete: 646 - Anexo IV - Fone: 3215-5646 - Fax: 3215-2646
DRA. SORAYA MANATO,Partido/UF: PSL/ES - Gabinete: 313 - Anexo IV - Fone: 3215-5313 - Fax: 3215-2313
EVAIR VIEIRA DE MELO,Partido/UF: PP/ES - Gabinete: 443 - Anexo IV - Fone: 3215-5443 - Fax: 3215-2443
LAURIETE,Partido/UF: PR/ES - Gabinete: 223 - Anexo IV - Fone: 3215-5223 - Fax: 3215-2223
DA VITORIA,Partido/UF: PPS/ES - Gabinete: 579 - Anexo III - Fone: 3215-5579 - Fax: 3215-2579
HELDER SALOMÃO,Partido/UF: PT/ES - Gabinete: 573 - Anexo III - Fone: 3215-5573 - Fax: 3215-2573
NORMA AYUB,Partido/UF: DEM/ES - Gabinete: 732 - Anexo IV - Fone: 3215-5732 - Fax: 3215-2732
FELIPE RIGONI,Partido/UF: PSB/ES - Gabinete: 846 - Anexo IV - Fone: 3215-5846 - Fax: 3215-2846
SERGIO VIDIGAL,Partido/UF: PDT/ES - Gabinete: 812 - Anexo IV - Fone: 3215-5812 - Fax: 3215-2812
AMARO NETO,Partido/UF: PRB/ES - Gabinete: 515 - Anexo IV - Fone: 3215-5515 - Fax: 3215-2515
CÉLIO SILVEIRA,Partido/UF: PSDB/GO - Gabinete: 511 - Anexo IV - Fone: 3215-5511 - Fax: 3215-2511
RUBENS OTONI,Partido/UF: PT/GO - Gabinete: 501 - Anexo IV - Fone: 3215-5501 - Fax: 3215-2501
MAGDA MOFATTO,Partido/UF: PR/GO - Gabinete: 934 - Anexo IV - Fone: 3215-5934 - Fax: 3215-2934
MAJOR VITOR HUGO,Partido/UF: PSL/GO - Gabinete: 803 - Anexo IV - Fone: 3215-5803 - Fax: 3215-2803
LUCAS VERGILIO,Partido/UF: SOLIDARIEDADE/GO - Gabinete: 816 - Anexo IV - Fone: 3215-5816 - Fax: 3215-2816
JOSÉ NELTO,Partido/UF: PODE/GO - Gabinete: 703 - Anexo IV - Fone: 3215-5703 - Fax: 3215-2703
FLÁVIA MORAIS,Partido/UF: PDT/GO - Gabinete: 738 - Anexo IV - Fone: 3215-5738 - Fax: 3215-2738
JOSE MARIO SCHREINER,Partido/UF: DEM/GO - Gabinete: 567 - Anexo III - Fone: 3215-5567 - Fax: 3215-2567
GLAUSTIN FOKUS,Partido/UF: PSC/GO - Gabinete: 473 - Anexo III - Fone: 3215-5473 - Fax: 3215-2473
ALCIDES RODRIGUES,Partido/UF: PRP/GO - Gabinete: 332 - Anexo IV - Fone: 3215-5332 - Fax: 3215-2332
PROFESSOR ALCIDES,Partido/UF: PP/GO - Gabinete: 441 - Anexo IV - Fone: 3215-5441 - Fax: 3215-2441
ADRIANO DO BALDY,Partido/UF: PP/GO - Gabinete: 419 - Anexo IV - Fone: 3215-5419 - Fax: 3215-2419
JOÃO CAMPOS,Partido/UF: PRB/GO - Gabinete: 315 - Anexo IV - Fone: 3215-5315 - Fax: 3215-2315
ELIAS VAZ,Partido/UF: PSB/GO - Gabinete: 303 - Anexo IV - Fone: 3215-5303 - Fax: 3215-2303
DELEGADO WALDIR,Partido/UF: PSL/GO - Gabinete: 645 - Anexo IV - Fone: 3215-5645 - Fax: 3215-2645
FRANCISCO JR.,Partido/UF: PSD/GO - Gabinete: 643 - Anexo IV - Fone: 3215-5643 - Fax: 3215-2643
DR. ZACHARIAS CALIL,Partido/UF: DEM/GO - Gabinete: 616 - Anexo IV - Fone: 3215-5616 - Fax: 3215-2616
PASTOR GILDENEMYR,Partido/UF: PMN/MA - Gabinete: 660 - Anexo IV - Fone: 3215-5660 - Fax: 3215-2660
JUSCELINO FILHO,Partido/UF: DEM/MA - Gabinete: 222 - Anexo IV - Fone: 3215-5222 - Fax: 3215-2222
BIRA DO PINDARÉ,Partido/UF: PSB/MA - Gabinete: 480 - Anexo III - Fone: 3215-5480 - Fax: 3215-2480
EDUARDO BRAIDE,Partido/UF: PMN/MA - Gabinete: 578 - Anexo III - Fone: 3215-5578 - Fax: 3215-2578
HILDO ROCHA,Partido/UF: MDB/MA - Gabinete: 734 - Anexo IV - Fone: 3215-5734 - Fax: 3215-2734
EDILÁZIO JÚNIOR,Partido/UF: PSD/MA - Gabinete: 862 - Anexo IV - Fone: 3215-5862 - Fax: 3215-2862
JOSIMAR MARANHÃOZINHO,Partido/UF: PR/MA - Gabinete: 715 - Anexo IV - Fone: 3215-5715 - Fax: 3215-2715
CLEBER VERDE,Partido/UF: PRB/MA - Gabinete: 710 - Anexo IV - Fone: 3215-5710 - Fax: 3215-2710
PEDRO LUCAS FERNANDES,Partido/UF: PTB/MA - Gabinete: 814 - Anexo IV - Fone: 3215-5814 - Fax: 3215-2814
ALUISIO MENDES,Partido/UF: PODE/MA - Gabinete: 931 - Anexo IV - Fone: 3215-5931 - Fax: 3215-2931
ANDRÉ FUFUCA,Partido/UF: PP/MA - Gabinete: 945 - Anexo IV - Fone: 3215-5945 - Fax: 3215-2945
RUBENS PEREIRA JÚNIOR,Partido/UF: PCdoB/MA - Gabinete: 370 - Anexo III - Fone: 3215-5370 - Fax: 3215-2370
MÁRCIO JERRY,Partido/UF: PCdoB/MA - Gabinete: 372 - Anexo III - Fone: 3215-5372 - Fax: 3215-2372
GIL CUTRIM,Partido/UF: PDT/MA - Gabinete: 385 - Anexo III - Fone: 3215-5385 - Fax: 3215-2385
JOÃO MARCELO SOUZA,Partido/UF: MDB/MA - Gabinete: 506 - Anexo IV - Fone: 3215-5506 - Fax: 3215-2506
JUNIOR LOURENÇO,Partido/UF: PR/MA - Gabinete: 513 - Anexo IV - Fone: 3215-5513 - Fax: 3215-2513
ZÉ CARLOS,Partido/UF: PT/MA - Gabinete: 543 - Anexo IV - Fone: 3215-5543 - Fax: 3215-2543
MARRECA FILHO,Partido/UF: PATRI/MA - Gabinete: 537 - Anexo IV - Fone: 3215-5537 - Fax: 3215-2537
EDUARDO BARBOSA,Partido/UF: PSDB/MG - Gabinete: 540 - Anexo IV - Fone: 3215-5540 - Fax: 3215-2540
TIAGO MITRAUD,Partido/UF: NOVO/MG - Gabinete: 544 - Anexo IV - Fone: 3215-5544 - Fax: 3215-2544
ODAIR CUNHA,Partido/UF: PT/MG - Gabinete: 556 - Anexo IV - Fone: 3215-5556 - Fax: 3215-2556
DELEGADO MARCELO FREITAS,Partido/UF: PSL/MG - Gabinete: 548 - Anexo IV - Fone: 3215-5548 - Fax: 3215-2548
EMIDINHO MADEIRA,Partido/UF: PSB/MG - Gabinete: 270 - Anexo III - Fone: 3215-5270 - Fax: 3215-2270
HERCÍLIO COELHO DINIZ,Partido/UF: MDB/MG - Gabinete: 510 - Anexo IV - Fone: 3215-5510 - Fax: 3215-2510
CHARLLES EVANGELISTA,Partido/UF: PSL/MG - Gabinete: 517 - Anexo IV - Fone: 3215-5517 - Fax: 3215-2517
PINHEIRINHO,Partido/UF: PP/MG - Gabinete: 584 - Anexo III - Fone: 3215-5584 - Fax: 3215-2584
ZÉ VITOR,Partido/UF: PMN/MG - Gabinete: 525 - Anexo IV - Fone: 3215-5525 - Fax: 3215-2525
FÁBIO RAMALHO,Partido/UF: MDB/MG - Gabinete: 903 - Anexo IV - Fone: 3215-5903 - Fax: 3215-2903
FRANCO CARTAFINA,Partido/UF: PHS/MG - Gabinete: 283 - Anexo III - Fone: 3215-5283 - Fax: 3215-2283
NEWTON CARDOSO JR,Partido/UF: MDB/MG - Gabinete: 932 - Anexo IV - Fone: 3215-5932 - Fax: 3215-2932
LEONARDO MONTEIRO,Partido/UF: PT/MG - Gabinete: 922 - Anexo IV - Fone: 3215-5922 - Fax: 3215-2922
BILAC PINTO,Partido/UF: DEM/MG - Gabinete: 806 - Anexo IV - Fone: 3215-5806 - Fax: 3215-2806
MARCELO ARO,Partido/UF: PHS/MG - Gabinete: 821 - Anexo IV - Fone: 3215-5821 - Fax: 3215-2821
PAULO GUEDES,Partido/UF: PT/MG - Gabinete: 833 - Anexo IV - Fone: 3215-5833 - Fax: 3215-2833
PAULO ABI-ACKEL,Partido/UF: PSDB/MG - Gabinete: 718 - Anexo IV - Fone: 3215-5718 - Fax: 3215-2718
PATRUS ANANIAS,Partido/UF: PT/MG - Gabinete: 720 - Anexo IV - Fone: 3215-5720 - Fax: 3215-2720
MISAEL VARELLA,Partido/UF: PSD/MG - Gabinete: 721 - Anexo IV - Fone: 3215-5721 - Fax: 3215-2721
RODRIGO DE CASTRO,Partido/UF: PSDB/MG - Gabinete: 701 - Anexo IV - Fone: 3215-5701 - Fax: 3215-2701
MAURO LOPES,Partido/UF: MDB/MG - Gabinete: 844 - Anexo IV - Fone: 3215-5844 - Fax: 3215-2844
IGOR TIMO,Partido/UF: PODE/MG - Gabinete: 726 - Anexo IV - Fone: 3215-5726 - Fax: 3215-2726
LÉO MOTTA,Partido/UF: PSL/MG - Gabinete: 724 - Anexo IV - Fone: 3215-5724 - Fax: 3215-2724
DIMAS FABIANO,Partido/UF: PP/MG - Gabinete: 736 - Anexo IV - Fone: 3215-5736 - Fax: 3215-2736
PADRE JOÃO,Partido/UF: PT/MG - Gabinete: 743 - Anexo IV - Fone: 3215-5743 - Fax: 3215-2743
SUBTENENTE GONZAGA,Partido/UF: PDT/MG - Gabinete: 750 - Anexo IV - Fone: 3215-5750 - Fax: 3215-2750
ANDRÉ JANONES,Partido/UF: AVANTE/MG - Gabinete: 580 - Anexo III - Fone: 3215-5580 - Fax: 3215-2580
LUCAS GONZALEZ,Partido/UF: NOVO/MG - Gabinete: 581 - Anexo III - Fone: 3215-5581 - Fax: 3215-2581
DR. FREDERICO,Partido/UF: PATRI/MG - Gabinete: 568 - Anexo III - Fone: 3215-5568 - Fax: 3215-2568
MÁRIO HERINGER,Partido/UF: PDT/MG - Gabinete: 211 - Anexo IV - Fone: 3215-5211 - Fax: 3215-2211
LAFAYETTE DE ANDRADA,Partido/UF: PRB/MG - Gabinete: 208 - Anexo IV - Fone: 3215-5208 - Fax: 3215-2208
MARGARIDA SALOMÃO,Partido/UF: PT/MG - Gabinete: 236 - Anexo IV - Fone: 3215-5236 - Fax: 3215-2236
DOMINGOS SÁVIO,Partido/UF: PSDB/MG - Gabinete: 345 - Anexo IV - Fone: 3215-5345 - Fax: 3215-2345
GREYCE ELIAS,Partido/UF: AVANTE/MG - Gabinete: 340 - Anexo IV - Fone: 3215-5340 - Fax: 3215-2340
STEFANO AGUIAR,Partido/UF: PSD/MG - Gabinete: 341 - Anexo IV - Fone: 3215-5341 - Fax: 3215-2341
WELITON PRADO,Partido/UF: PROS/MG - Gabinete: 250 - Anexo IV - Fone: 3215-5250 - Fax: 3215-2250
AÉCIO NEVES,Partido/UF: PSDB/MG - Gabinete: 20 - Ed. principal - Fone: 3215-5020 - Fax: 3215-2020
CABO JUNIO AMARAL,Partido/UF: PSL/MG - Gabinete: 302 - Anexo IV - Fone: 3215-5302 - Fax: 3215-2302
DIEGO ANDRADE,Partido/UF: PSD/MG - Gabinete: 307 - Anexo IV - Fone: 3215-5307 - Fax: 3215-2307
EROS BIONDINI,Partido/UF: PROS/MG - Gabinete: 321 - Anexo IV - Fone: 3215-5321 - Fax: 3215-2321
JÚLIO DELGADO,Partido/UF: PSB/MG - Gabinete: 323 - Anexo IV - Fone: 3215-5323 - Fax: 3215-2323
ÁUREA CAROLINA,Partido/UF: PSOL/MG - Gabinete: 619 - Anexo IV - Fone: 3215-5619 - Fax: 3215-2619
LUIS TIBÉ,Partido/UF: AVANTE/MG - Gabinete: 632 - Anexo IV - Fone: 3215-5632 - Fax: 3215-2632
FRED COSTA,Partido/UF: PATRI/MG - Gabinete: 633 - Anexo IV - Fone: 3215-5633 - Fax: 3215-2633
VILSON DA FETAEMG,Partido/UF: PSB/MG - Gabinete: 648 - Anexo IV - Fone: 3215-5648 - Fax: 3215-2648
REGINALDO LOPES,Partido/UF: PT/MG - Gabinete: 426 - Anexo IV - Fone: 3215-5426 - Fax: 3215-2426
EUCLYDES PETTERSEN,Partido/UF: PSC/MG - Gabinete: 456 - Anexo IV - Fone: 3215-5456 - Fax: 3215-2456
ZÉ SILVA,Partido/UF: SOLIDARIEDADE/MG - Gabinete: 608 - Anexo IV - Fone: 3215-5608 - Fax: 3215-2608
ROGÉRIO CORREIA,Partido/UF: PT/MG - Gabinete: 614 - Anexo IV - Fone: 3215-5614 - Fax: 3215-2614
LINCOLN PORTELA,Partido/UF: PR/MG - Gabinete: 615 - Anexo IV - Fone: 3215-5615 - Fax: 3215-2615
ALÊ SILVA,Partido/UF: PSL/MG - Gabinete: 462 - Anexo IV - Fone: 3215-5462 - Fax: 3215-2462
GILBERTO ABRAMO,Partido/UF: PRB/MG - Gabinete: 601 - Anexo IV - Fone: 3215-5601 - Fax: 3215-2601
FÁBIO TRAD,Partido/UF: PSD/MS - Gabinete: 452 - Anexo IV - Fone: 3215-5452 - Fax: 3215-2452
ROSE MODESTO,Partido/UF: PSDB/MS - Gabinete: 414 - Anexo IV - Fone: 3215-5414 - Fax: 3215-2414
DR. LUIZ OVANDO,Partido/UF: PSL/MS - Gabinete: 644 - Anexo IV - Fone: 3215-5644 - Fax: 3215-2644
BETO PEREIRA,Partido/UF: PSDB/MS - Gabinete: 240 - Anexo IV - Fone: 3215-5240 - Fax: 3215-2240
VANDER LOUBET,Partido/UF: PT/MS - Gabinete: 838 - Anexo IV - Fone: 3215-5838 - Fax: 3215-2838
LOESTER TRUTIS,Partido/UF: PSL/MS - Gabinete: 380 - Anexo III - Fone: 3215-5380 - Fax: 3215-2380
DAGOBERTO NOGUEIRA,Partido/UF: PDT/MS - Gabinete: 522 - Anexo IV - Fone: 3215-5522 - Fax: 3215-2522
PROFESSORA ROSA NEIDE,Partido/UF: PT/MT - Gabinete: 371 - Anexo III - Fone: 3215-5371 - Fax: 3215-2371
EMANUEL PINHEIRO NETO,Partido/UF: PTB/MT - Gabinete: 374 - Anexo III - Fone: 3215-5374 - Fax: 3215-2374
CARLOS BEZERRA,Partido/UF: MDB/MT - Gabinete: 815 - Anexo IV - Fone: 3215-5815 - Fax: 3215-2815
JUAREZ COSTA,Partido/UF: MDB/MT - Gabinete: 472 - Anexo III - Fone: 3215-5472 - Fax: 3215-2472
JOSÉ MEDEIROS,Partido/UF: PODE/MT - Gabinete: 335 - Anexo IV - Fone: 3215-5335 - Fax: 3215-2335
NELSON BARBUDO,Partido/UF: PSL/MT - Gabinete: 635 - Anexo IV - Fone: 3215-5635 - Fax: 3215-2635
NERI GELLER,Partido/UF: PP/MT - Gabinete: 658 - Anexo IV - Fone: 3215-5658 - Fax: 3215-2658
DR. LEONARDO,Partido/UF: SOLIDARIEDADE/MT - Gabinete: 445 - Anexo IV - Fone: 3215-5445 - Fax: 3215-2445
CÁSSIO ANDRADE,Partido/UF: PSB/PA - Gabinete: 433 - Anexo IV - Fone: 3215-5433 - Fax: 3215-2433
EDMILSON RODRIGUES,Partido/UF: PSOL/PA - Gabinete: 301 - Anexo IV - Fone: 3215-5301 - Fax: 3215-2301
AIRTON FALEIRO,Partido/UF: PT/PA - Gabinete: 327 - Anexo IV - Fone: 3215-5327 - Fax: 3215-2327
JOAQUIM PASSARINHO,Partido/UF: PSD/PA - Gabinete: 334 - Anexo IV - Fone: 3215-5334 - Fax: 3215-2334
ELCIONE BARBALHO,Partido/UF: MDB/PA - Gabinete: 206 - Anexo IV - Fone: 3215-5206 - Fax: 3215-2206
DELEGADO ÉDER MAURO,Partido/UF: PSD/PA - Gabinete: 586 - Anexo III - Fone: 3215-5586 - Fax: 3215-2586
JOSÉ PRIANTE,Partido/UF: MDB/PA - Gabinete: 752 - Anexo IV - Fone: 3215-5752 - Fax: 3215-2752
BETO FARO,Partido/UF: PT/PA - Gabinete: 723 - Anexo IV - Fone: 3215-5723 - Fax: 3215-2723
CRISTIANO VALE,Partido/UF: PR/PA - Gabinete: 822 - Anexo IV - Fone: 3215-5822 - Fax: 3215-2822
EDUARDO COSTA,Partido/UF: PTB/PA - Gabinete: 286 - Anexo III - Fone: 3215-5286 - Fax: 3215-2286
CELSO SABINO,Partido/UF: PSDB/PA - Gabinete: 282 - Anexo III - Fone: 3215-5282 - Fax: 3215-2282
OLIVAL MARQUES,Partido/UF: DEM/PA - Gabinete: 382 - Anexo III - Fone: 3215-5382 - Fax: 3215-2382
VAVÁ MARTINS,Partido/UF: PRB/PA - Gabinete: 901 - Anexo IV - Fone: 3215-5901 - Fax: 3215-2901
JÚNIOR FERRARI,Partido/UF: PSD/PA - Gabinete: 919 - Anexo IV - Fone: 3215-5919 - Fax: 3215-2919
HÉLIO LEITE,Partido/UF: DEM/PA - Gabinete: 930 - Anexo IV - Fone: 3215-5930 - Fax: 3215-2930
NILSON PINTO,Partido/UF: PSDB/PA - Gabinete: 527 - Anexo IV - Fone: 3215-5527 - Fax: 3215-2527
PAULO BENGTSON,Partido/UF: PTB/PA - Gabinete: 505 - Anexo IV - Fone: 3215-5505 - Fax: 3215-2505
WELLINGTON ROBERTO,Partido/UF: PR/PB - Gabinete: 514 - Anexo IV - Fone: 3215-5514 - Fax: 3215-2514
WILSON SANTIAGO,Partido/UF: PTB/PB - Gabinete: 534 - Anexo IV - Fone: 3215-5534 - Fax: 3215-2534
JULIAN LEMOS,Partido/UF: PSL/PB - Gabinete: 272 - Anexo III - Fone: 3215-5272 - Fax: 3215-2272
RUY CARNEIRO,Partido/UF: PSDB/PB - Gabinete: 536 - Anexo IV - Fone: 3215-5536 - Fax: 3215-2536
DAMIÃO FELICIANO,Partido/UF: PDT/PB - Gabinete: 938 - Anexo IV - Fone: 3215-5938 - Fax: 3215-2938
PEDRO CUNHA LIMA,Partido/UF: PSDB/PB - Gabinete: 810 - Anexo IV - Fone: 3215-5810 - Fax: 3215-2810
AGUINALDO RIBEIRO,Partido/UF: PP/PB - Gabinete: 735 - Anexo IV - Fone: 3215-5735 - Fax: 3215-2735
EFRAIM FILHO,Partido/UF: DEM/PB - Gabinete: 744 - Anexo IV - Fone: 3215-5744 - Fax: 3215-2744
HUGO MOTTA,Partido/UF: PRB/PB - Gabinete: 237 - Anexo IV - Fone: 3215-5237 - Fax: 3215-2237
GERVÁSIO MAIA,Partido/UF: PSB/PB - Gabinete: 308 - Anexo IV - Fone: 3215-5308 - Fax: 3215-2308
FREI ANASTACIO RIBEIRO,Partido/UF: PT/PB - Gabinete: 442 - Anexo IV - Fone: 3215-5442 - Fax: 3215-2442
EDNA HENRIQUE,Partido/UF: PSDB/PB - Gabinete: 962 - Anexo IV - Fone: 3215-5962 - Fax: 3215-2962
SILVIO COSTA FILHO,Partido/UF: PRB/PE - Gabinete: 402 - Anexo IV - Fone: 3215-5402 - Fax: 3215-2402
JOÃO H. CAMPOS,Partido/UF: PSB/PE - Gabinete: 409 - Anexo IV - Fone: 3215-5409 - Fax: 3215-2409
GONZAGA PATRIOTA,Partido/UF: PSB/PE - Gabinete: 430 - Anexo IV - Fone: 3215-5430 - Fax: 3215-2430
DANILO CABRAL,Partido/UF: PSB/PE - Gabinete: 423 - Anexo IV - Fone: 3215-5423 - Fax: 3215-2423
RICARDO TEOBALDO,Partido/UF: PODE/PE - Gabinete: 603 - Anexo IV - Fone: 3215-5603 - Fax: 3215-2603
ANDRÉ FERREIRA,Partido/UF: PSC/PE - Gabinete: 450 - Anexo IV - Fone: 3215-5450 - Fax: 3215-2450
FERNANDO COELHO FILHO,Partido/UF: DEM/PE - Gabinete: 662 - Anexo IV - Fone: 3215-5662 - Fax: 3215-2662
OSSESIO SILVA,Partido/UF: PRB/PE - Gabinete: 328 - Anexo IV - Fone: 3215-5328 - Fax: 3215-2328
FELIPE CARRERAS,Partido/UF: PSB/PE - Gabinete: 318 - Anexo IV - Fone: 3215-5318 - Fax: 3215-2318
AUGUSTO COUTINHO,Partido/UF: SOLIDARIEDADE/PE - Gabinete: 314 - Anexo IV - Fone: 3215-5314 - Fax: 3215-2314
MARÍLIA ARRAES,Partido/UF: PT/PE - Gabinete: 654 - Anexo IV - Fone: 3215-5654 - Fax: 3215-2654
EDUARDO DA FONTE,Partido/UF: PP/PE - Gabinete: 628 - Anexo IV - Fone: 3215-5628 - Fax: 3215-2628
FERNANDO MONTEIRO,Partido/UF: PP/PE - Gabinete: 243 - Anexo IV - Fone: 3215-5243 - Fax: 3215-2243
LUCIANO BIVAR,Partido/UF: PSL/PE - Gabinete: 215 - Anexo IV - Fone: 3215-5215 - Fax: 3215-2215
SEBASTIÃO OLIVEIRA,Partido/UF: PR/PE - Gabinete: 225 - Anexo IV - Fone: 3215-5225 - Fax: 3215-2225
TÚLIO GADÊLHA,Partido/UF: PDT/PE - Gabinete: 360 - Anexo IV - Fone: 3215-5360 - Fax: 3215-2360
ANDRÉ DE PAULA,Partido/UF: PSD/PE - Gabinete: 754 - Anexo IV - Fone: 3215-5754 - Fax: 3215-2754
CARLOS VERAS,Partido/UF: PT/PE - Gabinete: 466 - Anexo III - Fone: 3215-5466 - Fax: 3215-2466
FERNANDO RODOLFO,Partido/UF: PHS/PE - Gabinete: 481 - Anexo III - Fone: 3215-5481 - Fax: 3215-2481
DANIEL COELHO,Partido/UF: PPS/PE - Gabinete: 813 - Anexo IV - Fone: 3215-5813 - Fax: 3215-2813
TADEU ALENCAR,Partido/UF: PSB/PE - Gabinete: 820 - Anexo IV - Fone: 3215-5820 - Fax: 3215-2820
RAUL HENRY,Partido/UF: MDB/PE - Gabinete: 707 - Anexo IV - Fone: 3215-5707 - Fax: 3215-2707
WOLNEY QUEIROZ,Partido/UF: PDT/PE - Gabinete: 936 - Anexo IV - Fone: 3215-5936 - Fax: 3215-2936
RENILDO CALHEIROS,Partido/UF: PCdoB/PE - Gabinete: 915 - Anexo IV - Fone: 3215-5915 - Fax: 3215-2915
PASTOR EURICO,Partido/UF: PATRI/PE - Gabinete: 906 - Anexo IV - Fone: 3215-5906 - Fax: 3215-2906
ASSIS CARVALHO,Partido/UF: PT/PI - Gabinete: 909 - Anexo IV - Fone: 3215-5909 - Fax: 3215-2909
IRACEMA PORTELLA,Partido/UF: PP/PI - Gabinete: 924 - Anexo IV - Fone: 3215-5924 - Fax: 3215-2924
FLAVIO NOGUEIRA,Partido/UF: PDT/PI - Gabinete: 811 - Anexo IV - Fone: 3215-5811 - Fax: 3215-2811
MARCOS AURÉLIO SAMPAIO,Partido/UF: MDB/PI - Gabinete: 565 - Anexo III - Fone: 3215-5565 - Fax: 3215-2565
CAPITÃO FÁBIO ABREU,Partido/UF: PR/PI - Gabinete: 202 - Anexo IV - Fone: 3215-5202 - Fax: 3215-2202
MARGARETE COELHO,Partido/UF: PP/PI - Gabinete: 210 - Anexo IV - Fone: 3215-5210 - Fax: 3215-2210
REJANE DIAS,Partido/UF: PT/PI - Gabinete: 624 - Anexo IV - Fone: 3215-5624 - Fax: 3215-2624
ÁTILA LIRA,Partido/UF: PSB/PI - Gabinete: 640 - Anexo IV - Fone: 3215-5640 - Fax: 3215-2640
MARINA SANTOS,Partido/UF: PTC/PI - Gabinete: 434 - Anexo IV - Fone: 3215-5434 - Fax: 3215-2434
JÚLIO CESAR,Partido/UF: PSD/PI - Gabinete: 944 - Anexo IV - Fone: 3215-5944 - Fax: 3215-2944
RICARDO BARROS,Partido/UF: PP/PR - Gabinete: 412 - Anexo IV - Fone: 3215-5412 - Fax: 3215-2412
LUCIANO DUCCI,Partido/UF: PSB/PR - Gabinete: 427 - Anexo IV - Fone: 3215-5427 - Fax: 3215-2427
AROLDO MARTINS,Partido/UF: PRB/PR - Gabinete: 437 - Anexo IV - Fone: 3215-5437 - Fax: 3215-2437
LEANDRE,Partido/UF: PV/PR - Gabinete: 454 - Anexo IV - Fone: 3215-5454 - Fax: 3215-2454
ZECA DIRCEU,Partido/UF: PT/PR - Gabinete: 613 - Anexo IV - Fone: 3215-5613 - Fax: 3215-2613
ENIO VERRI,Partido/UF: PT/PR - Gabinete: 627 - Anexo IV - Fone: 3215-5627 - Fax: 3215-2627
PROFESSOR LUIZÃO GOULART,Partido/UF: PRB/PR - Gabinete: 218 - Anexo IV - Fone: 3215-5218 - Fax: 3215-2218
ALIEL MACHADO,Partido/UF: PSB/PR - Gabinete: 220 - Anexo IV - Fone: 3215-5220 - Fax: 3215-2220
GLEISI HOFFMANN,Partido/UF: PT/PR - Gabinete: 232 - Anexo IV - Fone: 3215-5232 - Fax: 3215-2232
PAULO EDUARDO MARTINS,Partido/UF: PSC/PR - Gabinete: 233 - Anexo IV - Fone: 3215-5233 - Fax: 3215-2233
HERMES PARCIANELLO,Partido/UF: MDB/PR - Gabinete: 234 - Anexo IV - Fone: 3215-5234 - Fax: 3215-2234
CHRISTIANE DE SOUZA YARED,Partido/UF: PR/PR - Gabinete: 201 - Anexo IV - Fone: 3215-5201 - Fax: 3215-2201
FILIPE BARROS,Partido/UF: PSL/PR - Gabinete: 745 - Anexo IV - Fone: 3215-5745 - Fax: 3215-2745
SCHIAVINATO,Partido/UF: PP/PR - Gabinete: 746 - Anexo IV - Fone: 3215-5746 - Fax: 3215-2746
GIACOBO,Partido/UF: PR/PR - Gabinete: 762 - Anexo IV - Fone: 3215-5762 - Fax: 3215-2762
GUSTAVO FRUET,Partido/UF: PDT/PR - Gabinete: 827 - Anexo IV - Fone: 3215-5827 - Fax: 3215-2827
LUISA CANZIANI,Partido/UF: PTB/PR - Gabinete: 842 - Anexo IV - Fone: 3215-5842 - Fax: 3215-2842
SERGIO SOUZA,Partido/UF: MDB/PR - Gabinete: 702 - Anexo IV - Fone: 3215-5702 - Fax: 3215-2702
SARGENTO FAHUR,Partido/UF: PSD/PR - Gabinete: 858 - Anexo IV - Fone: 3215-5858 - Fax: 3215-2858
RUBENS BUENO,Partido/UF: PPS/PR - Gabinete: 916 - Anexo IV - Fone: 3215-5916 - Fax: 3215-2916
VERMELHO,Partido/UF: PSD/PR - Gabinete: 920 - Anexo IV - Fone: 3215-5920 - Fax: 3215-2920
DIEGO GARCIA,Partido/UF: PODE/PR - Gabinete: 910 - Anexo IV - Fone: 3215-5910 - Fax: 3215-2910
LUIZ NISHIMORI,Partido/UF: PR/PR - Gabinete: 907 - Anexo IV - Fone: 3215-5907 - Fax: 3215-2907
TONINHO WANDSCHEER,Partido/UF: PROS/PR - Gabinete: 902 - Anexo IV - Fone: 3215-5902 - Fax: 3215-2902
BOCA ABERTA,Partido/UF: PROS/PR - Gabinete: 384 - Anexo III - Fone: 3215-5384 - Fax: 3215-2384
PEDRO LUPION,Partido/UF: DEM/PR - Gabinete: 375 - Anexo III - Fone: 3215-5375 - Fax: 3215-2375
ALINE SLEUTJES,Partido/UF: PSL/PR - Gabinete: 550 - Anexo IV - Fone: 3215-5550 - Fax: 3215-2550
FELIPE FRANCISCHINI,Partido/UF: PSL/PR - Gabinete: 265 - Anexo III - Fone: 3215-5265 - Fax: 3215-2265
ALEXANDRE SERFIOTIS,Partido/UF: PSD/RJ - Gabinete: 554 - Anexo IV - Fone: 3215-5554 - Fax: 3215-2554
SÓSTENES CAVALCANTE,Partido/UF: DEM/RJ - Gabinete: 560 - Anexo IV - Fone: 3215-5560 - Fax: 3215-2560
WLADIMIR GAROTINHO,Partido/UF: PRP/RJ - Gabinete: 274 - Anexo III - Fone: 3215-5274 - Fax: 3215-2274
FELÍCIO LATERÇA,Partido/UF: PSL/RJ - Gabinete: 275 - Anexo III - Fone: 3215-5275 - Fax: 3215-2275
CHICO D'ANGELO,Partido/UF: PDT/RJ - Gabinete: 542 - Anexo IV - Fone: 3215-5542 - Fax: 3215-2542
MAJOR FABIANA,Partido/UF: PSL/RJ - Gabinete: 509 - Anexo IV - Fone: 3215-5509 - Fax: 3215-2509
LUIZ LIMA,Partido/UF: PSL/RJ - Gabinete: 504 - Anexo IV - Fone: 3215-5504 - Fax: 3215-2504
CHIQUINHO BRAZÃO,Partido/UF: AVANTE/RJ - Gabinete: 507 - Anexo IV - Fone: 3215-5507 - Fax: 3215-2507
GELSON AZEVEDO,Partido/UF: PHS/RJ - Gabinete: 369 - Anexo III - Fone: 3215-5369 - Fax: 3215-2369
CARLOS JORDY,Partido/UF: PSL/RJ - Gabinete: 383 - Anexo III - Fone: 3215-5383 - Fax: 3215-2383
PROFESSOR JOZIEL,Partido/UF: PSL/RJ - Gabinete: 929 - Anexo IV - Fone: 3215-5929 - Fax: 3215-2929
GURGEL,Partido/UF: PSL/RJ - Gabinete: 937 - Anexo IV - Fone: 3215-5937 - Fax: 3215-2937
MARCELO CALERO,Partido/UF: PPS/RJ - Gabinete: 939 - Anexo IV - Fone: 3215-5939 - Fax: 3215-2939
DANIELA DO WAGUINHO,Partido/UF: MDB/RJ - Gabinete: 950 - Anexo IV - Fone: 3215-5950 - Fax: 3215-2950
GUTEMBERG REIS,Partido/UF: MDB/RJ - Gabinete: 856 - Anexo IV - Fone: 3215-5856 - Fax: 3215-2856
CLARISSA GAROTINHO,Partido/UF: PROS/RJ - Gabinete: 714 - Anexo IV - Fone: 3215-5714 - Fax: 3215-2714
RODRIGO MAIA,Partido/UF: DEM/RJ - Gabinete: 837 - Anexo IV - Fone: 3215-5837 - Fax: 3215-2837
PAULO RAMOS,Partido/UF: PDT/RJ - Gabinete: 804 - Anexo IV - Fone: 3215-5804 - Fax: 3215-2804
MARCELO FREIXO,Partido/UF: PSOL/RJ - Gabinete: 725 - Anexo IV - Fone: 3215-5725 - Fax: 3215-2725
PEDRO PAULO,Partido/UF: DEM/RJ - Gabinete: 727 - Anexo IV - Fone: 3215-5727 - Fax: 3215-2727
OTONI DE PAULA,Partido/UF: PSC/RJ - Gabinete: 484 - Anexo III - Fone: 3215-5484 - Fax: 3215-2484
DR. LUIZ ANTONIO TEIXEIRA JR.,Partido/UF: PP/RJ - Gabinete: 577 - Anexo III - Fone: 3215-5577 - Fax: 3215-2577
GLAUBER BRAGA,Partido/UF: PSOL/RJ - Gabinete: 362 - Anexo IV - Fone: 3215-5362 - Fax: 3215-2362
ALTINEU CÔRTES,Partido/UF: PR/RJ - Gabinete: 336 - Anexo IV - Fone: 3215-5336 - Fax: 3215-2336
BENEDITA DA SILVA,Partido/UF: PT/RJ - Gabinete: 330 - Anexo IV - Fone: 3215-5330 - Fax: 3215-2330
PAULO GANIME,Partido/UF: NOVO/RJ - Gabinete: 230 - Anexo IV - Fone: 3215-5230 - Fax: 3215-2230
CHRISTINO AUREO,Partido/UF: PP/RJ - Gabinete: 227 - Anexo IV - Fone: 3215-5227 - Fax: 3215-2227
AUREO RIBEIRO,Partido/UF: SOLIDARIEDADE/RJ - Gabinete: 212 - Anexo IV - Fone: 3215-5212 - Fax: 3215-2212
JUNINHO DO PNEU,Partido/UF: DEM/RJ - Gabinete: 641 - Anexo IV - Fone: 3215-5641 - Fax: 3215-2641
LOURIVAL GOMES,Partido/UF: PSL/RJ - Gabinete: 636 - Anexo IV - Fone: 3215-5636 - Fax: 3215-2636
JANDIRA FEGHALI,Partido/UF: PCdoB/RJ - Gabinete: 622 - Anexo IV - Fone: 3215-5622 - Fax: 3215-2622
TALÍRIA PETRONE,Partido/UF: PSOL/RJ - Gabinete: 623 - Anexo IV - Fone: 3215-5623 - Fax: 3215-2623
HUGO LEAL,Partido/UF: PSD/RJ - Gabinete: 631 - Anexo IV - Fone: 3215-5631 - Fax: 3215-2631
SORAYA SANTOS,Partido/UF: PR/RJ - Gabinete: 324 - Anexo IV - Fone: 3215-5324 - Fax: 3215-2324
MÁRCIO LABRE,Partido/UF: PSL/RJ - Gabinete: 325 - Anexo IV - Fone: 3215-5325 - Fax: 3215-2325
ALESSANDRO MOLON,Partido/UF: PSB/RJ - Gabinete: 304 - Anexo IV - Fone: 3215-5304 - Fax: 3215-2304
LUIZ ANTÔNIO CORRÊA,Partido/UF: DC/RJ - Gabinete: 610 - Anexo IV - Fone: 3215-5610 - Fax: 3215-2610
FLORDELIS,Partido/UF: PSD/RJ - Gabinete: 612 - Anexo IV - Fone: 3215-5612 - Fax: 3215-2612
DELEGADO ANTÔNIO FURTADO,Partido/UF: PSL/RJ - Gabinete: 602 - Anexo IV - Fone: 3215-5602 - Fax: 3215-2602
CHRIS TONIETTO,Partido/UF: PSL/RJ - Gabinete: 446 - Anexo IV - Fone: 3215-5446 - Fax: 3215-2446
VINICIUS FARAH,Partido/UF: MDB/RJ - Gabinete: 429 - Anexo IV - Fone: 3215-5429 - Fax: 3215-2429
ROSANGELA GOMES,Partido/UF: PRB/RJ - Gabinete: 438 - Anexo IV - Fone: 3215-5438 - Fax: 3215-2438
DANIEL SILVEIRA,Partido/UF: PSL/RJ - Gabinete: 403 - Anexo IV - Fone: 3215-5403 - Fax: 3215-2403
HELIO LOPES,Partido/UF: PSL/RJ - Gabinete: 405 - Anexo IV - Fone: 3215-5405 - Fax: 3215-2405
BENES LEOCÁDIO,Partido/UF: PTC/RN - Gabinete: 417 - Anexo IV - Fone: 3215-5417 - Fax: 3215-2417
JOÃO MAIA,Partido/UF: PR/RN - Gabinete: 439 - Anexo IV - Fone: 3215-5439 - Fax: 3215-2439
WALTER ALVES,Partido/UF: MDB/RN - Gabinete: 435 - Anexo IV - Fone: 3215-5435 - Fax: 3215-2435
RAFAEL MOTTA,Partido/UF: PSB/RN - Gabinete: 626 - Anexo IV - Fone: 3215-5626 - Fax: 3215-2626
NATÁLIA BONAVIDES,Partido/UF: PT/RN - Gabinete: 748 - Anexo IV - Fone: 3215-5748 - Fax: 3215-2748
FÁBIO FARIA,Partido/UF: PSD/RN - Gabinete: 706 - Anexo IV - Fone: 3215-5706 - Fax: 3215-2706
BETO ROSADO,Partido/UF: PP/RN - Gabinete: 840 - Anexo IV - Fone: 3215-5840 - Fax: 3215-2840
GENERAL GIRÃO,Partido/UF: PSL/RN - Gabinete: 914 - Anexo IV - Fone: 3215-5914 - Fax: 3215-2914
EXPEDITO NETTO,Partido/UF: PSD/RO - Gabinete: 943 - Anexo IV - Fone: 3215-5943 - Fax: 3215-2943
LUCIO MOSQUINI,Partido/UF: MDB/RO - Gabinete: 918 - Anexo IV - Fone: 3215-5918 - Fax: 3215-2918
MARIANA CARVALHO,Partido/UF: PSDB/RO - Gabinete: 508 - Anexo IV - Fone: 3215-5508 - Fax: 3215-2508
LÉO MORAES,Partido/UF: PODE/RO - Gabinete: 503 - Anexo IV - Fone: 3215-5503 - Fax: 3215-2503
SILVIA CRISTINA,Partido/UF: PDT/RO - Gabinete: 524 - Anexo IV - Fone: 3215-5524 - Fax: 3215-2524
MAURO NAZIF,Partido/UF: PSB/RO - Gabinete: 818 - Anexo IV - Fone: 3215-5818 - Fax: 3215-2818
CORONEL CHRISÓSTOMO,Partido/UF: PSL/RO - Gabinete: 458 - Anexo IV - Fone: 3215-5458 - Fax: 3215-2458
JAQUELINE CASSOL,Partido/UF: PP/RO - Gabinete: 242 - Anexo IV - Fone: 3215-5242 - Fax: 3215-2242
JOENIA WAPICHANA,Partido/UF: REDE/RR - Gabinete: 231 - Anexo IV - Fone: 3215-5231 - Fax: 3215-2231
SHÉRIDAN,Partido/UF: PSDB/RR - Gabinete: 246 - Anexo IV - Fone: 3215-5246 - Fax: 3215-2246
EDIO LOPES,Partido/UF: PR/RR - Gabinete: 408 - Anexo IV - Fone: 3215-5408 - Fax: 3215-2408
HIRAN GONÇALVES,Partido/UF: PP/RR - Gabinete: 478 - Anexo III - Fone: 3215-5478 - Fax: 3215-2478
OTACI NASCIMENTO,Partido/UF: SOLIDARIEDADE/RR - Gabinete: 521 - Anexo IV - Fone: 3215-5521 - Fax: 3215-2521
JHONATAN DE JESUS,Partido/UF: PRB/RR - Gabinete: 535 - Anexo IV - Fone: 3215-5535 - Fax: 3215-2535
HAROLDO CATHEDRAL,Partido/UF: PSD/RR - Gabinete: 280 - Anexo III - Fone: 3215-5280 - Fax: 3215-2280
NICOLETTI,Partido/UF: PSL/RR - Gabinete: 287 - Anexo III - Fone: 3215-5287 - Fax: 3215-2287
CARLOS GOMES,Partido/UF: PRB/RS - Gabinete: 285 - Anexo III - Fone: 3215-5285 - Fax: 3215-2285
GIOVANI FELTES,Partido/UF: MDB/RS - Gabinete: 376 - Anexo III - Fone: 3215-5376 - Fax: 3215-2376
LUCAS REDECKER,Partido/UF: PSDB/RS - Gabinete: 905 - Anexo IV - Fone: 3215-5905 - Fax: 3215-2905
DANIEL TRZECIAK,Partido/UF: PSDB/RS - Gabinete: 917 - Anexo IV - Fone: 3215-5917 - Fax: 3215-2917
HEITOR SCHUCH,Partido/UF: PSB/RS - Gabinete: 277 - Anexo III - Fone: 3215-5277 - Fax: 3215-2277
MARCEL VAN HATTEM,Partido/UF: NOVO/RS - Gabinete: 271 - Anexo III - Fone: 3215-5271 - Fax: 3215-2271
LIZIANE BAYER,Partido/UF: PSB/RS - Gabinete: 538 - Anexo IV - Fone: 3215-5538 - Fax: 3215-2538
PAULO PIMENTA,Partido/UF: PT/RS - Gabinete: 552 - Anexo IV - Fone: 3215-5552 - Fax: 3215-2552
AFONSO MOTTA,Partido/UF: PDT/RS - Gabinete: 528 - Anexo IV - Fone: 3215-5528 - Fax: 3215-2528
PEDRO WESTPHALEN,Partido/UF: PP/RS - Gabinete: 526 - Anexo IV - Fone: 3215-5526 - Fax: 3215-2526
BIBO NUNES,Partido/UF: PSL/RS - Gabinete: 518 - Anexo IV - Fone: 3215-5518 - Fax: 3215-2518
NEREU CRISPIM,Partido/UF: PSL/RS - Gabinete: 483 - Anexo III - Fone: 3215-5483 - Fax: 3215-2483
DANRLEI DE DEUS HINTERHOLZ,Partido/UF: PSD/RS - Gabinete: 566 - Anexo III - Fone: 3215-5566 - Fax: 3215-2566
MARCON,Partido/UF: PT/RS - Gabinete: 569 - Anexo III - Fone: 3215-5569 - Fax: 3215-2569
MAURÍCIO DZIEDRICKI,Partido/UF: PTB/RS - Gabinete: 576 - Anexo III - Fone: 3215-5576 - Fax: 3215-2576
GIOVANI CHERINI,Partido/UF: PR/RS - Gabinete: 468 - Anexo III - Fone: 3215-5468 - Fax: 3215-2468
BOHN GASS,Partido/UF: PT/RS - Gabinete: 469 - Anexo III - Fone: 3215-5469 - Fax: 3215-2469
MARLON SANTOS,Partido/UF: PDT/RS - Gabinete: 760 - Anexo IV - Fone: 3215-5760 - Fax: 3215-2760
MÁRCIO BIOLCHI,Partido/UF: MDB/RS - Gabinete: 843 - Anexo IV - Fone: 3215-5843 - Fax: 3215-2843
POMPEO DE MATTOS,Partido/UF: PDT/RS - Gabinete: 704 - Anexo IV - Fone: 3215-5704 - Fax: 3215-2704
AFONSO HAMM,Partido/UF: PP/RS - Gabinete: 604 - Anexo IV - Fone: 3215-5604 - Fax: 3215-2604
FERNANDA MELCHIONNA,Partido/UF: PSOL/RS - Gabinete: 621 - Anexo IV - Fone: 3215-5621 - Fax: 3215-2621
MARIA DO ROSÁRIO,Partido/UF: PT/RS - Gabinete: 312 - Anexo IV - Fone: 3215-5312 - Fax: 3215-2312
JERÔNIMO GOERGEN,Partido/UF: PP/RS - Gabinete: 316 - Anexo IV - Fone: 3215-5316 - Fax: 3215-2316
HENRIQUE FONTANA,Partido/UF: PT/RS - Gabinete: 256 - Anexo IV - Fone: 3215-5256 - Fax: 3215-2256
MARCELO MORAES,Partido/UF: PTB/RS - Gabinete: 258 - Anexo IV - Fone: 3215-5258 - Fax: 3215-2258
ALCEU MOREIRA,Partido/UF: MDB/RS - Gabinete: 238 - Anexo IV - Fone: 3215-5238 - Fax: 3215-2238
UBIRATAN SANDERSON,Partido/UF: PSL/RS - Gabinete: 354 - Anexo IV - Fone: 3215-5354 - Fax: 3215-2354
PEDRO UCZAI,Partido/UF: PT/SC - Gabinete: 229 - Anexo IV - Fone: 3215-5229 - Fax: 3215-2229
ANGELA AMIN,Partido/UF: PP/SC - Gabinete: 252 - Anexo IV - Fone: 3215-5252 - Fax: 3215-2252
RODRIGO COELHO,Partido/UF: PSB/SC - Gabinete: 329 - Anexo IV - Fone: 3215-5329 - Fax: 3215-2329
CELSO MALDANER,Partido/UF: MDB/SC - Gabinete: 311 - Anexo IV - Fone: 3215-5311 - Fax: 3215-2311
ROGÉRIO PENINHA MENDONÇA,Partido/UF: MDB/SC - Gabinete: 656 - Anexo IV - Fone: 3215-5656 - Fax: 3215-2656
GEOVANIA DE SÁ,Partido/UF: PSDB/SC - Gabinete: 606 - Anexo IV - Fone: 3215-5606 - Fax: 3215-2606
HÉLIO COSTA,Partido/UF: PRB/SC - Gabinete: 609 - Anexo IV - Fone: 3215-5609 - Fax: 3215-2609
RICARDO GUIDI,Partido/UF: PSD/SC - Gabinete: 407 - Anexo IV - Fone: 3215-5407 - Fax: 3215-2407
CARMEN ZANOTTO,Partido/UF: PPS/SC - Gabinete: 418 - Anexo IV - Fone: 3215-5418 - Fax: 3215-2418
GILSON MARQUES,Partido/UF: NOVO/SC - Gabinete: 431 - Anexo IV - Fone: 3215-5431 - Fax: 3215-2431
DARCI DE MATOS,Partido/UF: PSD/SC - Gabinete: 709 - Anexo IV - Fone: 3215-5709 - Fax: 3215-2709
FABIO SCHIOCHET,Partido/UF: PSL/SC - Gabinete: 758 - Anexo IV - Fone: 3215-5758 - Fax: 3215-2758
CAROLINE DE TONI,Partido/UF: PSL/SC - Gabinete: 476 - Anexo III - Fone: 3215-5476 - Fax: 3215-2476
CORONEL ARMANDO,Partido/UF: PSL/SC - Gabinete: 268 - Anexo III - Fone: 3215-5268 - Fax: 3215-2268
DANIEL FREITAS,Partido/UF: PSL/SC - Gabinete: 273 - Anexo III - Fone: 3215-5273 - Fax: 3215-2273
CARLOS CHIODINI,Partido/UF: MDB/SC - Gabinete: 925 - Anexo IV - Fone: 3215-5925 - Fax: 3215-2925
GUSTINHO RIBEIRO,Partido/UF: SOLIDARIEDADE/SE - Gabinete: 379 - Anexo III - Fone: 3215-5379 - Fax: 3215-2379
FÁBIO MITIDIERI,Partido/UF: PSD/SE - Gabinete: 278 - Anexo III - Fone: 3215-5278 - Fax: 3215-2278
FÁBIO HENRIQUE,Partido/UF: PDT/SE - Gabinete: 475 - Anexo III - Fone: 3215-5475 - Fax: 3215-2475
BOSCO COSTA,Partido/UF: PR/SE - Gabinete: 742 - Anexo IV - Fone: 3215-5742 - Fax: 3215-2742
FABIO REIS,Partido/UF: MDB/SE - Gabinete: 410 - Anexo IV - Fone: 3215-5410 - Fax: 3215-2410
JOÃO DANIEL,Partido/UF: PT/SE - Gabinete: 605 - Anexo IV - Fone: 3215-5605 - Fax: 3215-2605
VALDEVAN NOVENTA,Partido/UF: PSC/SE - Gabinete: 637 - Anexo IV - Fone: 3215-5637 - Fax: 3215-2637
LAERCIO OLIVEIRA,Partido/UF: PP/SE - Gabinete: 629 - Anexo IV - Fone: 3215-5629 - Fax: 3215-2629
RICARDO IZAR,Partido/UF: PP/SP - Gabinete: 634 - Anexo IV - Fone: 3215-5634 - Fax: 3215-2634
LUIZA ERUNDINA,Partido/UF: PSOL/SP - Gabinete: 620 - Anexo IV - Fone: 3215-5620 - Fax: 3215-2620
SÂMIA BOMFIM,Partido/UF: PSOL/SP - Gabinete: 617 - Anexo IV - Fone: 3215-5617 - Fax: 3215-2617
VANDERLEI MACRIS,Partido/UF: PSDB/SP - Gabinete: 618 - Anexo IV - Fone: 3215-5618 - Fax: 3215-2618
GUILHERME DERRITE,Partido/UF: PP/SP - Gabinete: 639 - Anexo IV - Fone: 3215-5639 - Fax: 3215-2639
MARIA ROSAS,Partido/UF: PRB/SP - Gabinete: 436 - Anexo IV - Fone: 3215-5436 - Fax: 3215-2436
LUIZ CARLOS MOTTA,Partido/UF: PR/SP - Gabinete: 415 - Anexo IV - Fone: 3215-5415 - Fax: 3215-2415
PAULO FREIRE COSTA,Partido/UF: PR/SP - Gabinete: 416 - Anexo IV - Fone: 3215-5416 - Fax: 3215-2416
MARCO BERTAIOLLI,Partido/UF: PSD/SP - Gabinete: 401 - Anexo IV - Fone: 3215-5401 - Fax: 3215-2401
POLICIAL KATIA SASTRE,Partido/UF: PR/SP - Gabinete: 428 - Anexo IV - Fone: 3215-5428 - Fax: 3215-2428
KIM KATAGUIRI,Partido/UF: DEM/SP - Gabinete: 421 - Anexo IV - Fone: 3215-5421 - Fax: 3215-2421
PR. MARCO FELICIANO,Partido/UF: PODE/SP - Gabinete: 254 - Anexo IV - Fone: 3215-5254 - Fax: 3215-2254
ALEXANDRE FROTA,Partido/UF: PSL/SP - Gabinete: 216 - Anexo IV - Fone: 3215-5216 - Fax: 3215-2216
PAULO PEREIRA DA SILVA,Partido/UF: SOLIDARIEDADE/SP - Gabinete: 217 - Anexo IV - Fone: 3215-5217 - Fax: 3215-2217
ALENCAR SANTANA BRAGA,Partido/UF: PT/SP - Gabinete: 239 - Anexo IV - Fone: 3215-5239 - Fax: 3215-2239
ROBERTO DE LUCENA,Partido/UF: PODE/SP - Gabinete: 235 - Anexo IV - Fone: 3215-5235 - Fax: 3215-2235
ARNALDO JARDIM,Partido/UF: PPS/SP - Gabinete: 245 - Anexo IV - Fone: 3215-5245 - Fax: 3215-2245
VINICIUS CARVALHO,Partido/UF: PRB/SP - Gabinete: 356 - Anexo IV - Fone: 3215-5356 - Fax: 3215-2356
CAPITÃO AUGUSTO,Partido/UF: PR/SP - Gabinete: 358 - Anexo IV - Fone: 3215-5358 - Fax: 3215-2358
EDUARDO BOLSONARO,Partido/UF: PSL/SP - Gabinete: 350 - Anexo IV - Fone: 3215-5350 - Fax: 3215-2350
ALEX MANENTE,Partido/UF: PPS/SP - Gabinete: 205 - Anexo IV - Fone: 3215-5205 - Fax: 3215-2205
CARLOS SAMPAIO,Partido/UF: PSDB/SP - Gabinete: 207 - Anexo IV - Fone: 3215-5207 - Fax: 3215-2207
MARCIO ALVINO,Partido/UF: PR/SP - Gabinete: 331 - Anexo IV - Fone: 3215-5331 - Fax: 3215-2331
GUIGA PEIXOTO,Partido/UF: PSL/SP - Gabinete: 333 - Anexo IV - Fone: 3215-5333 - Fax: 3215-2333
ABOU ANNI,Partido/UF: PSL/SP - Gabinete: 339 - Anexo IV - Fone: 3215-5339 - Fax: 3215-2339
JEFFERSON CAMPOS,Partido/UF: PSB/SP - Gabinete: 346 - Anexo IV - Fone: 3215-5346 - Fax: 3215-2346
TIRIRICA,Partido/UF: PR/SP - Gabinete: 343 - Anexo IV - Fone: 3215-5343 - Fax: 3215-2343
MILTON VIEIRA,Partido/UF: PRB/SP - Gabinete: 344 - Anexo IV - Fone: 3215-5344 - Fax: 3215-2344
ARLINDO CHINAGLIA,Partido/UF: PT/SP - Gabinete: 4 - Ed. principal - Fone: 3215-5966 - Fax: 3215-5966
CORONEL TADEU,Partido/UF: PSL/SP - Gabinete: 756 - Anexo IV - Fone: 3215-5756 - Fax: 3215-2756
VICENTINHO,Partido/UF: PT/SP - Gabinete: 740 - Anexo IV - Fone: 3215-5740 - Fax: 3215-2740
DAVID SOARES,Partido/UF: DEM/SP - Gabinete: 741 - Anexo IV - Fone: 3215-5741 - Fax: 3215-2741
CARLA ZAMBELLI,Partido/UF: PSL/SP - Gabinete: 482 - Anexo III - Fone: 3215-5482 - Fax: 3215-2482
ENRICO MISASI,Partido/UF: PV/SP - Gabinete: 574 - Anexo III - Fone: 3215-5574 - Fax: 3215-2574
GENERAL PETERNELLI,Partido/UF: PSL/SP - Gabinete: 570 - Anexo III - Fone: 3215-5570 - Fax: 3215-2570
JÚNIOR BOZZELLA,Partido/UF: PSL/SP - Gabinete: 582 - Anexo III - Fone: 3215-5582 - Fax: 3215-2582
GUILHERME MUSSI,Partido/UF: PP/SP - Gabinete: 712 - Anexo IV - Fone: 3215-5712 - Fax: 3215-2712
IVAN VALENTE,Partido/UF: PSOL/SP - Gabinete: 716 - Anexo IV - Fone: 3215-5716 - Fax: 3215-2716
RENATA ABREU,Partido/UF: PODE/SP - Gabinete: 717 - Anexo IV - Fone: 3215-5717 - Fax: 3215-2717
LUIZ PHILIPPE DE ORLEANS E BRAGANÇA,Partido/UF: PSL/SP - Gabinete: 719 - Anexo IV - Fone: 3215-5719 - Fax: 3215-2719
GENINHO ZULIANI,Partido/UF: DEM/SP - Gabinete: 860 - Anexo IV - Fone: 3215-5860 - Fax: 3215-2860
ALEXANDRE LEITE,Partido/UF: DEM/SP - Gabinete: 841 - Anexo IV - Fone: 3215-5841 - Fax: 3215-2841
ALEXIS FONTEYNE,Partido/UF: NOVO/SP - Gabinete: 845 - Anexo IV - Fone: 3215-5845 - Fax: 3215-2845
TABATA AMARAL,Partido/UF: PDT/SP - Gabinete: 848 - Anexo IV - Fone: 3215-5848 - Fax: 3215-2848
ELI CORRÊA FILHO,Partido/UF: DEM/SP - Gabinete: 850 - Anexo IV - Fone: 3215-5850 - Fax: 3215-2850
RUI FALCÃO,Partido/UF: PT/SP - Gabinete: 819 - Anexo IV - Fone: 3215-5819 - Fax: 3215-2819
RODRIGO AGOSTINHO,Partido/UF: PSB/SP - Gabinete: 801 - Anexo IV - Fone: 3215-5801 - Fax: 3215-2801
ADRIANA VENTURA,Partido/UF: NOVO/SP - Gabinete: 802 - Anexo IV - Fone: 3215-5802 - Fax: 3215-2802
CARLOS ZARATTINI,Partido/UF: PT/SP - Gabinete: 808 - Anexo IV - Fone: 3215-5808 - Fax: 3215-2808
GILBERTO NASCIMENTO,Partido/UF: PSC/SP - Gabinete: 834 - Anexo IV - Fone: 3215-5834 - Fax: 3215-2834
MIGUEL LOMBARDI,Partido/UF: PR/SP - Gabinete: 835 - Anexo IV - Fone: 3215-5835 - Fax: 3215-2835
BRUNA FURLAN,Partido/UF: PSDB/SP - Gabinete: 836 - Anexo IV - Fone: 3215-5836 - Fax: 3215-2836
BALEIA ROSSI,Partido/UF: MDB/SP - Gabinete: 829 - Anexo IV - Fone: 3215-5829 - Fax: 3215-2829
VITOR LIPPI,Partido/UF: PSDB/SP - Gabinete: 823 - Anexo IV - Fone: 3215-5823 - Fax: 3215-2823
JOICE HASSELMANN,Partido/UF: PSL/SP - Gabinete: 825 - Anexo IV - Fone: 3215-5825 - Fax: 3215-2825
PAULO TEIXEIRA,Partido/UF: PT/SP - Gabinete: 281 - Anexo III - Fone: 3215-5281 - Fax: 3215-2281
FAUSTO PINATO,Partido/UF: PP/SP - Gabinete: 562 - Anexo IV - Fone: 3215-5562 - Fax: 3215-2562
VINICIUS POIT,Partido/UF: NOVO/SP - Gabinete: 558 - Anexo IV - Fone: 3215-5558 - Fax: 3215-2558
NILTO TATTO,Partido/UF: PT/SP - Gabinete: 502 - Anexo IV - Fone: 3215-5502 - Fax: 3215-2502
MARCOS PEREIRA,Partido/UF: PRB/SP - Gabinete: 523 - Anexo IV - Fone: 3215-5523 - Fax: 3215-2523
ROSANA VALLE,Partido/UF: PSB/SP - Gabinete: 529 - Anexo IV - Fone: 3215-5529 - Fax: 3215-2529
CEZINHA DE MADUREIRA,Partido/UF: PSD/SP - Gabinete: 533 - Anexo IV - Fone: 3215-5533 - Fax: 3215-2533
EDUARDO CURY,Partido/UF: PSDB/SP - Gabinete: 368 - Anexo III - Fone: 3215-5368 - Fax: 3215-2368
LUIZ FLÁVIO GOMES,Partido/UF: PSB/SP - Gabinete: 904 - Anexo IV - Fone: 3215-5904 - Fax: 3215-2904
HERCULANO PASSOS,Partido/UF: MDB/SP - Gabinete: 926 - Anexo IV - Fone: 3215-5926 - Fax: 3215-2926
SAMUEL MOREIRA,Partido/UF: PSDB/SP - Gabinete: 921 - Anexo IV - Fone: 3215-5921 - Fax: 3215-2921
ORLANDO SILVA,Partido/UF: PCdoB/SP - Gabinete: 923 - Anexo IV - Fone: 3215-5923 - Fax: 3215-2923
ROBERTO ALVES,Partido/UF: PRB/SP - Gabinete: 946 - Anexo IV - Fone: 3215-5946 - Fax: 3215-2946
ALEXANDRE PADILHA,Partido/UF: PT/SP - Gabinete: 956 - Anexo IV - Fone: 3215-5956 - Fax: 3215-2956
CELSO RUSSOMANNO,Partido/UF: PRB/SP - Gabinete: 960 - Anexo IV - Fone: 3215-5960 - Fax: 3215-2960
DULCE MIRANDA,Partido/UF: MDB/TO - Gabinete: 530 - Anexo IV - Fone: 3215-5530 - Fax: 3215-2530
TIAGO DIMAS,Partido/UF: SOLIDARIEDADE/TO - Gabinete: 269 - Anexo III - Fone: 3215-5269 - Fax: 3215-2269
CÉLIO MOURA,Partido/UF: PT/TO - Gabinete: 832 - Anexo IV - Fone: 3215-5832 - Fax: 3215-2832
OSIRES DAMASO,Partido/UF: PSC/TO - Gabinete: 474 - Anexo III - Fone: 3215-5474 - Fax: 3215-2474
VICENTINHO JÚNIOR,Partido/UF: PR/TO - Gabinete: 204 - Anexo IV - Fone: 3215-5204 - Fax: 3215-2204
CARLOS HENRIQUE GAGUIM,Partido/UF: DEM/TO - Gabinete: 214 - Anexo IV - Fone: 3215-5214 - Fax: 3215-2214
ELI BORGES,Partido/UF: SOLIDARIEDADE/TO - Gabinete: 248 - Anexo IV - Fone: 3215-5248 - Fax: 3215-2248
PROFESSORA DORINHA SEABRA REZENDE,Partido/UF: DEM/TO - Gabinete: 432 - Anexo IV - Fone: 3215-5432 - Fax: 3215-2432
